City,Cloudiness,Country,Date,Humidity,Lat,Lng,Max Temp,Wind Speed
Barrow,76,AR,1551828795,30,-38.31,-60.23,70.43,7.96
Sioux Lookout,40,CA,1551826800,50,50.1,-91.92,5.0,8.05
Holbeach,75,GB,1551828841,100,52.8,0.02,48.2,12.75
Mahebourg,20,MU,1551826800,74,-20.41,57.7,80.6,3.36
Husavik,80,CA,1551828605,68,50.56,-96.99,14.0,5.01
Borisoglebskiy,90,RU,1551826800,86,57.26,39.15,37.4,8.95
Port Lincoln,68,AU,1551828871,90,-34.72,135.86,63.18,15.01
Punta Arenas,75,CL,1551828190,52,-53.16,-70.91,48.2,6.93
Kapaa,20,US,1551828695,47,22.08,-159.32,77.0,19.46
Te Anau,12,NZ,1551828865,51,-45.41,167.72,68.22,11.65
Bredasdorp,0,ZA,1551827819,88,-34.53,20.04,69.01,1.12
Bethel,75,US,1551828120,93,60.79,-161.76,35.6,10.29
Cape Town,0,ZA,1551828771,88,-33.93,18.42,69.01,6.93
Ribeira Grande,0,PT,1551828880,100,38.52,-28.7,58.23,15.68
Walvis Bay,20,NA,1551826923,82,-22.95,14.51,66.99,8.05
Velke Hamry,36,CZ,1551828831,86,50.71,15.32,39.0,1.01
Carnarvon,0,ZA,1551828870,41,-30.97,22.13,58.55,2.93
Cap Malheureux,20,MU,1551826800,74,-19.98,57.61,80.6,3.36
Qaanaaq,36,GL,1551828882,82,77.48,-69.36,-9.5,5.17
Victoria,75,BN,1551825000,100,5.28,115.24,78.8,1.12
Yellowknife,20,CA,1551826800,61,62.45,-114.38,15.8,4.7
Zhigansk,88,RU,1551828884,87,66.77,123.37,6.48,11.1
Aberystwyth,92,GB,1551828616,95,52.41,-4.08,46.99,14.0
Rikitea,76,PF,1551828885,97,-23.12,-134.97,80.82,15.12
Puerto Ayora,20,EC,1551826800,66,-0.74,-90.35,84.2,10.29
Ushuaia,40,AR,1551826800,75,-54.81,-68.31,42.8,29.97
Dicabisagan,12,PH,1551828890,100,17.08,122.42,74.25,3.15
Mar del Plata,76,AR,1551828661,54,-46.43,-67.52,61.83,24.63
Cockburn Town,8,TC,1551828891,97,21.46,-71.14,78.08,11.77
Arkhangelskoye,88,RU,1551828892,93,54.46,37.62,34.61,19.93
Ancud,90,CL,1551826800,100,-41.87,-73.83,55.4,16.11
Georgetown,20,GY,1551826800,83,6.8,-58.16,80.6,4.7
Nanortalik,80,GL,1551828893,100,60.14,-45.24,25.29,31.68
Avarua,76,CK,1551826800,61,-21.21,-159.78,82.4,11.41
Kushima,75,JP,1551828789,87,31.5,131.29,55.4,5.82
Hithadhoo,92,MV,1551828677,100,-0.6,73.08,81.68,6.73
Henties Bay,24,NA,1551826923,94,-22.12,14.28,66.99,5.99
Adrar,0,DZ,1551826800,20,27.87,-0.29,64.4,11.41
Tasiilaq,20,GL,1551826200,44,65.61,-37.64,19.4,24.16
Mlimba,24,TZ,1551828923,95,-8.78,35.81,69.98,2.04
Sur,0,OM,1551828926,100,22.57,59.53,67.23,2.15
Cherskiy,88,RU,1551828827,75,68.75,161.3,0.0,2.93
Katsuura,75,JP,1551828282,70,33.93,134.5,52.0,5.82
Uray,8,RU,1551828930,78,60.13,64.8,4.28,7.63
Mega,12,ET,1551828934,76,4.06,38.32,59.94,4.16
Jacareacanga,64,BR,1551828935,95,-6.22,-57.76,73.8,4.72
Kusa,24,RU,1551828935,82,55.34,59.45,16.2,5.84
Port Hardy,20,CA,1551826800,41,50.7,-127.42,39.2,4.7
Belmonte,92,PT,1551828757,70,40.36,-7.35,57.99,21.0
Ostrovnoy,68,RU,1551828918,78,68.05,39.51,11.52,19.04
Jamestown,8,AU,1551828943,84,-33.21,138.6,57.78,13.0
Manacapuru,75,BR,1551826800,78,-3.3,-60.62,80.6,5.84
Dikson,76,RU,1551828854,100,73.51,80.55,10.13,13.56
Esperance,20,TT,1551828723,83,10.24,-61.45,78.01,8.05
Aljezur,92,PT,1551828730,90,37.31,-8.8,60.01,11.01
Pasaje,20,MX,1551828975,19,24.93,-103.81,71.01,7.4
Hilo,90,US,1551828754,73,19.71,-155.08,70.0,14.99
Vaini,8,IN,1551828976,86,15.34,74.49,54.36,1.81
Batagay,48,RU,1551828977,54,67.65,134.64,-19.35,2.93
Nikolskoye,40,RU,1551828635,85,59.7,30.79,16.0,13.42
Bluff,20,AU,1551828982,57,-23.58,149.07,84.83,10.42
Atuona,36,PF,1551828983,100,-9.8,-139.03,82.08,16.91
Bodden Town,20,KY,1551828605,74,19.28,-81.25,82.4,5.82
Busselton,48,AU,1551828680,35,-33.64,115.35,62.01,21.27
Hellvik,75,NO,1551828964,93,59.92,5.78,39.99,19.46
Cervo,20,BR,1551828988,92,-22.19,-46.24,64.58,2.71
Teluknaga,75,ID,1551828975,88,-6.1,106.64,77.0,8.05
Kodiak,40,US,1551828911,24,39.95,-94.76,21.99,16.11
Khatanga,80,RU,1551828989,73,71.98,102.47,-3.11,7.74
Kaitangata,0,NZ,1551828943,73,-46.28,169.85,70.0,5.01
Hobart,75,AU,1551828794,50,-42.88,147.33,57.99,6.93
Longyearbyen,20,NO,1551826200,76,78.22,15.63,-9.41,5.82
Saint-Philippe,90,CA,1551828976,78,45.36,-73.48,17.6,7.85
Albany,75,US,1551828910,38,42.65,-73.75,26.01,11.41
Yeppoon,75,AU,1551826800,69,-23.13,150.74,80.6,10.29
Faanui,80,PF,1551828993,100,-16.48,-151.75,84.33,5.73
Saskylakh,64,RU,1551828917,60,71.97,114.09,-7.56,8.41
Butaritari,92,KI,1551828994,100,3.07,172.79,74.48,2.04
Asyut,0,EG,1551823200,71,27.18,31.19,50.0,11.41
Bilibino,92,RU,1551828994,74,68.06,166.44,-0.9,3.15
Kenai,90,US,1551828724,68,60.55,-151.26,34.0,11.41
Deputatskiy,8,RU,1551828996,47,69.3,139.9,-30.51,2.71
Naze,12,NG,1551828996,95,5.43,7.07,74.21,3.94
Tiksi,48,RU,1551828795,72,71.64,128.87,3.2,9.75
Sibolga,0,ID,1551828997,100,1.74,98.78,65.34,2.15
Pevek,92,RU,1551828771,95,69.7,170.27,6.35,3.94
Port Elizabeth,1,US,1551828984,58,39.31,-74.98,33.8,4.7
Mecca,0,SA,1551828998,77,21.43,39.83,48.2,3.71
Anaco,0,VE,1551828999,44,9.43,-64.46,83.97,14.34
Meulaboh,8,ID,1551828999,100,4.14,96.13,78.84,5.17
Kavieng,20,PG,1551829001,98,-2.57,150.8,85.05,4.16
Chokurdakh,20,RU,1551828829,35,70.62,147.9,-23.85,3.04
Bambous Virieux,20,MU,1551826800,74,-20.34,57.76,80.6,3.36
Wajid,0,SO,1551829003,52,3.81,43.25,77.94,9.86
Pudozh,0,RU,1551829003,80,61.81,36.54,11.3,14.9
Port Alfred,12,ZA,1551828924,92,-33.59,26.89,69.01,5.99
Saint George,40,GR,1551826200,87,39.45,22.34,42.8,4.72
Sitka,0,US,1551828695,43,37.17,-99.65,30.0,5.01
Boddam,75,GB,1551828963,100,57.47,-1.78,39.0,3.36
Geraldton,75,CA,1551826800,70,49.72,-86.95,1.4,6.93
Saldanha,92,PT,1551829006,89,41.42,-6.55,51.71,16.8
Mataura,0,NZ,1551828610,61,-46.19,168.86,78.01,4.0
Provideniya,0,RU,1551826800,73,64.42,-173.23,26.6,6.71
Klaksvik,44,FO,1551828000,74,62.23,-6.59,37.4,3.36
Ko Samui,20,TH,1551828600,94,9.54,99.94,77.0,2.93
Bireun,36,ID,1551828744,100,5.2,96.7,80.73,0.69
Hobyo,32,SO,1551829012,93,5.35,48.53,75.78,12.77
Fairbanks,40,US,1551828951,53,64.84,-147.72,30.0,3.36
Pisco,40,PE,1551826800,30,-13.71,-76.2,71.6,23.04
Marawi,0,PH,1551828623,81,8.0,124.29,75.99,5.01
Guerrero Negro,68,MX,1551829031,56,27.97,-114.04,69.57,6.73
Turukhansk,80,RU,1551829032,91,65.8,87.96,13.46,14.0
Port-Gentil,20,GA,1551826800,83,-0.72,8.78,84.2,12.75
Homer,90,US,1551828753,65,59.64,-151.54,41.0,10.29
Norman Wells,20,CA,1551826800,57,65.28,-126.83,19.4,8.05
Payo,88,ID,1551829037,96,-3.75,103.64,73.58,3.94
Hondagua,0,PH,1551829037,91,13.95,122.24,77.49,4.16
Yuanping,0,CN,1551828863,46,38.72,112.71,19.8,3.6
Lagoa,75,PT,1551829028,82,37.14,-8.45,60.8,11.41
Phangnga,20,TH,1551826800,83,8.45,98.53,75.2,3.38
Stawell,0,AU,1551828650,53,-37.06,142.77,57.0,11.99
Huarmey,48,PE,1551829042,73,-10.07,-78.15,72.68,3.38
Arraial do Cabo,64,BR,1551828882,92,-22.97,-42.02,80.64,13.67
Maniitsoq,20,GL,1551829052,70,65.42,-52.9,12.65,5.95
Ekangala,0,ZA,1551828640,93,-25.66,28.73,66.99,7.85
Penzance,75,GB,1551828898,93,50.12,-5.53,52.0,25.28
Tabuk,0,PH,1551829067,66,17.41,121.44,68.9,2.15
Missoula,1,US,1551828991,52,46.87,-114.0,26.01,1.92
Rodrigues Alves,40,BR,1551826800,79,-7.74,-72.65,84.2,0.47
Tuatapere,24,NZ,1551828610,61,-46.13,167.69,78.01,4.0
San Quintin,0,PH,1551829096,56,17.54,120.52,76.05,4.27
Goure,0,NE,1551829099,22,13.98,10.27,73.8,9.75
Outjo,12,NA,1551829100,80,-20.11,16.16,64.71,3.49
Camopi,56,GF,1551829100,78,3.17,-52.33,78.35,3.71
Shingu,75,JP,1551826800,57,33.72,135.99,51.8,9.17
Beringovskiy,44,RU,1551829103,97,63.05,179.32,24.48,3.04
Indramayu,64,ID,1551829103,92,-4.05,103.78,68.04,2.26
Port Macquarie,12,AU,1551828845,65,-31.43,152.91,84.99,4.7
Ngunguru,0,NZ,1551829084,61,-35.62,174.5,73.99,1.99
Clyde River,75,CA,1551826800,83,70.47,-68.59,-5.81,4.94
Maple Creek,0,CA,1551829105,72,49.91,-109.46,12.06,8.63
Chuy,0,UY,1551828826,94,-33.69,-53.46,68.04,8.41
Aklavik,5,CA,1551826800,61,68.22,-135.01,17.6,4.7
Grindavik,75,IS,1551828256,100,63.84,-22.43,28.4,3.36
Hasaki,75,JP,1551826800,87,35.73,140.83,48.2,2.24
Malkangiri,0,IN,1551829108,91,18.35,81.9,64.44,2.37
The Pas,90,CA,1551826800,60,53.82,-101.24,8.6,13.87
Ponta do Sol,48,BR,1551829109,85,-20.63,-46.0,71.06,3.71
Siavonga,48,ZW,1551829110,87,-16.54,28.71,72.81,4.72
Castro,90,CL,1551826800,100,-42.48,-73.76,55.4,16.11
Thompson,75,CA,1551826800,60,55.74,-97.86,5.0,9.17
Hofn,12,IS,1551829115,100,64.25,-15.21,29.88,8.41
Rochegda,80,RU,1551828883,79,62.67,43.41,17.55,9.86
San Patricio,24,PY,1551828822,75,-26.98,-56.83,78.3,5.61
Beyneu,44,KZ,1551829120,83,45.32,55.19,27.63,3.15
Mopipi,8,BW,1551829120,65,-21.2,24.86,70.65,7.74
Port Blair,88,IN,1551828908,100,11.67,92.75,80.6,5.61
Oussouye,0,SN,1551823200,68,12.49,-16.54,80.6,6.93
San Vicente,20,SV,1551828926,62,13.64,-88.78,86.0,6.93
Faya,40,SA,1551826800,87,18.39,42.45,57.2,8.05
Gigmoto,88,PH,1551829124,100,13.78,124.39,77.31,5.39
Renukut,0,IN,1551829124,94,24.22,83.04,56.48,2.82
Ayna,0,ES,1551828610,71,38.55,-2.07,51.8,6.93
Kieta,44,PG,1551829125,95,-6.22,155.63,83.52,4.72
Utena,20,LT,1551829126,80,55.5,25.6,22.73,10.09
Vao,0,EE,1551828855,73,59.1,26.19,13.68,9.53
Grong,0,NO,1551829126,70,64.47,12.32,-7.16,3.15
Palauig,0,PH,1551829127,85,15.44,119.9,76.46,5.17
Constitucion,5,MX,1551828617,7,23.99,-104.67,86.0,12.75
Lodeynoye Pole,56,RU,1551829137,72,60.73,33.55,13.95,10.76
Ushtobe,12,KZ,1551829137,71,45.25,77.98,22.32,2.37
Boa Viagem,24,BR,1551829138,90,-5.13,-39.73,72.95,3.71
Druzhba,0,UA,1551828983,67,49.36,25.65,39.99,1.01
Arlit,0,NE,1551829139,50,18.74,7.39,60.39,3.38
Vacaria,24,BR,1551829031,89,-28.51,-50.94,70.0,3.0
Bhag,0,PK,1551829140,76,29.04,67.82,54.9,5.61
Haines Junction,0,CA,1551829141,72,60.75,-137.51,8.06,2.82
New Norfolk,75,AU,1551829040,50,-42.78,147.06,57.99,6.93
Harper,1,US,1551829041,33,30.3,-99.24,46.99,8.05
Lompoc,90,US,1551828983,93,34.64,-120.46,57.2,9.17
Lata,0,IN,1551829143,78,30.78,78.62,30.11,2.71
Manggar,24,ID,1551829143,99,-2.88,108.27,76.86,2.93
Salinopolis,44,BR,1551829085,100,-0.61,-47.36,79.02,6.29
Tuktoyaktuk,20,CA,1551826800,78,69.44,-133.03,8.6,6.93
Otane,0,NZ,1551827355,46,-39.89,176.62,80.01,2.82
Lima,0,PE,1551828728,69,-12.06,-77.04,78.01,8.05
Linqiong,40,CN,1551826800,81,30.42,103.46,51.8,2.24
Hirara,75,JP,1551826800,88,24.8,125.28,69.8,12.75
Poum,36,MK,1551829147,93,41.28,20.71,31.59,2.37
Pangnirtung,75,CA,1551826800,83,66.15,-65.72,-4.01,4.7
Rabo de Peixe,40,PT,1551829117,62,37.8,-25.58,55.4,12.75
Verkhoyansk,12,RU,1551829160,57,67.55,133.39,-20.7,2.71
Hami,76,CN,1551829160,46,42.84,93.51,42.21,14.0
Mount Gambier,40,AU,1551826800,62,-37.83,140.78,55.4,16.11
Altay,36,CN,1551829162,53,47.83,88.13,5.63,2.15
Rio Pomba,40,BR,1551829095,83,-21.28,-43.18,75.99,3.36
Wanning,75,AT,1551829115,86,48.64,13.53,41.0,5.82
Pacific Grove,75,US,1551829156,67,36.62,-121.92,60.01,3.36
Mayo,5,CA,1551826800,46,63.59,-135.9,10.4,5.82
Nome,1,US,1551829059,34,30.04,-94.42,50.0,11.41
Lebu,0,ET,1551828841,89,8.96,38.73,45.63,1.81
Baijiantan,76,CN,1551829165,66,45.63,85.18,13.91,3.04
Dolinsk,40,RU,1551826800,86,47.32,142.8,26.6,11.18
Golfito,24,CR,1551829166,87,8.64,-83.17,82.8,4.27
Ndjole,88,GA,1551829166,95,-0.18,10.76,74.07,2.71
Atasu,56,KZ,1551829167,69,48.68,71.64,10.76,3.27
Tual,88,ID,1551829167,100,-5.67,132.75,82.17,5.39
Aykhal,76,RU,1551829168,82,65.95,111.51,18.54,7.74
Antofagasta,75,CL,1551826800,73,-23.65,-70.4,69.8,13.87
Krasnaya Gorbatka,92,RU,1551829169,94,55.87,41.76,36.5,16.24
Takapau,0,NZ,1551829156,43,-40.02,176.35,80.01,8.01
Ilinskiy,40,RU,1551828082,80,55.62,38.12,39.99,8.95
Saint-Augustin,0,FR,1551829148,50,44.83,-0.61,55.4,14.99
Tezu,92,IN,1551829171,100,27.93,96.16,46.17,1.59
Conceicao do Araguaia,20,BR,1551829047,93,-8.26,-49.26,72.54,2.93
Kelvington,56,CA,1551829172,86,52.16,-103.52,10.89,11.99
Aleksandrovskoye,40,RU,1551828937,85,56.74,85.39,21.0,6.71
Makakilo City,75,US,1551828937,47,21.35,-158.09,78.8,11.41
Bathsheba,20,BB,1551826800,69,13.22,-59.52,78.8,18.34
East London,20,ZA,1551829174,100,-33.02,27.91,75.42,22.62
Hermanus,0,ZA,1551828716,79,-34.42,19.24,69.01,7.0
Whitehorse,5,CA,1551828768,41,60.72,-135.06,19.4,13.87
Ratnagiri,0,IN,1551829176,100,16.98,73.3,73.08,7.96
Ybycui,0,PY,1551829176,75,-26.02,-57.05,79.16,4.72
Elat,80,CM,1551829177,97,2.91,11.16,69.26,2.15
Zyryanka,68,RU,1551829177,69,65.73,150.89,-5.45,3.38
Bjornevatn,20,NO,1551828000,84,69.67,29.98,14.0,23.04
Burns Lake,0,CA,1551829178,43,54.23,-125.76,22.28,4.16
Dukstas,32,LT,1551829179,81,55.53,26.33,23.4,10.98
Rawson,24,AR,1551829179,30,-43.3,-65.11,66.65,8.41
Sao Filipe,0,CV,1551829180,97,14.9,-24.5,70.38,17.81
Petropavlovsk-Kamchatskiy,76,RU,1551826800,60,53.05,158.65,10.4,5.5
Obzor,20,BG,1551828657,71,42.82,27.88,53.6,10.29
Batagay-Alyta,64,RU,1551829181,52,67.8,130.41,-11.88,2.93
Morgan City,1,US,1551829099,37,29.7,-91.21,50.0,6.93
Porto Novo,40,BR,1551826800,83,-23.68,-45.44,73.4,1.14
Zhigalovo,44,RU,1551829183,67,54.81,105.15,12.6,1.92
Huntingdon,20,GB,1551829172,87,52.33,-0.18,48.99,11.41
Rocha,0,UY,1551829184,75,-34.48,-54.34,63.63,6.62
Bahia Blanca,44,AR,1551828953,51,-38.72,-62.27,71.6,9.53
Loudeac,100,FR,1551829162,76,48.18,-2.75,52.0,18.34
Cabo San Lucas,40,MX,1551828937,41,22.89,-109.91,79.0,8.05
Lavrentiya,92,RU,1551828972,98,65.58,-170.99,29.52,9.98
Balagunan,20,PH,1551826800,94,7.49,125.52,75.2,3.36
Yanam,44,IN,1551829187,89,16.73,82.22,77.76,1.25
Iqaluit,5,CA,1551828766,75,63.75,-68.52,-16.01,0.81
Dhidhdhoo,24,MV,1551829188,100,6.88,73.1,82.44,11.54
Lloydminster,5,CA,1551826800,61,53.28,-110.01,12.2,14.99
Nishihara,75,JP,1551829031,81,35.74,139.53,54.0,3.36
Vardo,40,US,1551828811,36,39.62,-77.74,35.6,16.11
Lorengau,20,PG,1551829178,99,-2.02,147.27,83.34,3.83
Champerico,40,MX,1551825960,60,16.38,-93.6,75.2,26.4
Noumea,0,NC,1551826800,62,-22.28,166.46,87.8,5.82
Lisakovsk,80,KZ,1551829191,87,52.55,62.49,26.55,9.42
Yulara,0,AU,1551826800,38,-25.24,130.99,77.0,16.11
Medea,20,DZ,1551826800,93,36.27,2.77,50.0,2.24
Barcelona,40,ES,1551828907,81,41.38,2.18,55.0,3.36
Vila Franca do Campo,40,PT,1551829177,62,37.72,-25.43,55.4,12.75
Bayshore Gardens,90,US,1551829191,76,27.43,-82.59,60.01,8.05
Margate,75,AU,1551829040,50,-43.03,147.26,57.99,6.93
Carauari,24,BR,1551829194,79,-4.88,-66.9,82.08,7.4
Diffa,0,NE,1551829195,23,13.32,12.61,72.72,8.97
College,40,US,1551829124,53,64.86,-147.8,30.0,3.36
Beruwala,8,LK,1551829199,100,6.48,79.98,80.78,2.04
Lamar,1,US,1551826380,78,38.09,-102.62,32.0,11.41
Ahipara,0,NZ,1551829199,68,-35.17,173.16,72.68,0.36
Marzuq,36,YE,1551829200,96,14.4,46.47,56.34,2.82
Tigil,12,RU,1551829200,82,57.8,158.67,9.27,4.83
Dali,68,CN,1551829201,100,25.6,100.24,42.98,1.7
Dingle,36,PH,1551829201,79,11.0,122.67,78.8,12.33
Cayenne,92,GF,1551828600,88,4.94,-52.33,77.0,1.12
Mehamn,90,NO,1551824940,92,71.03,27.85,21.2,20.8
Alofi,40,NU,1551826800,62,-19.06,-169.92,84.2,18.34
Taoudenni,0,ML,1551829255,28,22.68,-3.98,51.3,2.93
Bubaque,0,GW,1551829256,91,11.28,-15.83,78.3,5.17
Lermontovka,0,RU,1551829256,48,47.15,134.34,22.05,7.63
Birecik,75,TR,1551829202,100,37.03,37.98,43.0,2.71
Hibbing,75,US,1551829242,46,47.43,-92.94,10.4,9.17
Presidencia Roque Saenz Pena,8,AR,1551829279,85,-26.79,-60.44,75.69,13.0
Botou,0,CN,1551829279,51,38.08,116.55,38.97,13.44
Calvia,20,ES,1551829269,100,39.57,2.51,55.99,1.12
Ermioni,68,GR,1551829280,93,37.39,23.25,59.31,7.96
Galle,1,US,1551829278,31,29.74,-97.91,48.2,13.87
Sinnai,20,IT,1551828624,87,39.3,9.2,55.4,1.12
Sabha,0,LY,1551829281,51,27.03,14.43,46.71,4.05
High Level,20,CA,1551826800,57,58.52,-117.13,19.4,8.05
Olinda,75,EC,1551828662,78,-2.03,-79.75,82.4,4.7
La Ronge,20,CA,1551826800,51,55.1,-105.3,10.4,12.75
Port Hedland,0,AU,1551826800,79,-20.31,118.58,84.2,6.93
Houma,20,CN,1551829286,81,35.63,111.36,32.49,2.82
Ilulissat,20,GL,1551826200,51,69.22,-51.1,14.0,9.17
Lasa,0,CY,1551828641,81,34.92,32.53,50.0,8.05
Lanxi,92,CN,1551829214,99,29.21,119.46,54.0,3.38
Kerman,0,IR,1551826800,26,30.29,57.06,33.8,6.93
Karratha,0,AU,1551829289,53,-20.74,116.85,85.41,5.17
Fare,36,PF,1551829290,99,-16.7,-151.02,84.51,5.61
Czersk,92,PL,1551829289,10,53.8,17.98,39.0,10.87
Kahului,75,US,1551829230,64,20.89,-156.47,78.01,13.87
Nizhniy Baskunchak,36,RU,1551829291,76,48.22,46.83,37.53,18.48
Richards Bay,20,ZA,1551829292,96,-28.77,32.06,68.58,1.92
Huejuquilla el Alto,0,MX,1551829293,17,22.63,-103.9,75.33,4.83
Marathon,32,CA,1551829233,78,48.72,-86.38,3.96,9.08
Bonga,80,ET,1551829294,96,7.26,36.25,58.23,1.92
Tucurui,100,BR,1551829091,93,-3.77,-49.67,76.1,2.15
Bradeni,0,RO,1551828600,74,46.08,24.83,41.0,4.7
Kangaatsiaq,0,GL,1551829296,100,68.31,-53.46,10.44,8.19
Dasoguz,0,TM,1551826800,80,41.84,59.97,33.8,9.17
Torbay,90,CA,1551829117,73,47.66,-52.73,28.0,21.92
Tubuala,40,PA,1551828653,58,9.52,-79.03,84.2,16.11
Qasigiannguit,20,GL,1551826200,51,68.82,-51.19,14.0,9.17
Anadyr,64,RU,1551828791,85,64.73,177.51,24.8,2.24
Jumla,0,NP,1551829301,96,29.28,82.18,7.2,2.59
Jiuquan,24,CN,1551829305,76,39.73,98.49,17.06,3.38
Lucapa,12,AO,1551829305,94,-8.42,20.74,65.79,3.38
Ambon,92,FR,1551829282,76,47.55,-2.56,53.01,18.34
Airai,48,TL,1551829310,86,-8.93,125.41,75.06,0.47
Codrington,0,AU,1551829289,65,-28.95,153.24,82.0,5.82
Qingdao,0,CN,1551826800,93,36.09,120.35,35.6,2.24
Dubovka,0,RU,1551826800,81,49.06,44.83,41.0,20.13
Chupa,40,PE,1551826800,41,-15.11,-69.99,59.0,13.87
Grand Gaube,20,MU,1551826800,74,-20.01,57.66,80.6,3.36
Mehran,0,IR,1551826800,59,33.12,46.17,37.4,4.7
Melilla,75,EC,1551826800,66,-0.8,-80.23,84.2,4.7
Gunjur,0,GM,1551826800,49,13.18,-16.76,73.4,11.41
Vestmannaeyjar,0,IS,1551829315,100,63.44,-20.27,26.37,7.52
Luderitz,0,NA,1551829072,83,-26.65,15.16,60.71,7.74
Laguna,90,MX,1551825960,41,27.52,-110.01,77.0,3.36
Atambua,76,ID,1551829338,100,-9.11,124.89,79.2,2.82
Paraiso,5,MX,1551829217,7,24.01,-104.61,86.0,12.75
Maningrida,32,AU,1551829339,100,-12.05,134.23,81.36,6.62
Nshamba,76,TZ,1551829339,99,-1.8,31.55,70.88,5.17
Nisia Floresta,20,BR,1551826800,78,-6.09,-35.21,80.6,5.82
Narsaq,56,GL,1551826200,53,60.91,-46.05,26.6,4.7
Pontal do Parana,20,BR,1551829085,83,-25.67,-48.51,82.0,5.82
Bonthe,0,SL,1551829049,86,7.53,-12.5,78.3,4.72
Okhotsk,8,RU,1551829346,90,59.36,143.24,11.03,5.61
Sorland,80,NO,1551829190,100,67.67,12.69,36.05,26.53
Kandrian,64,PG,1551829348,86,-6.21,149.55,82.35,3.38
Iskateley,80,RU,1551829348,78,67.68,53.15,6.12,15.46
Mayumba,92,GA,1551829348,100,-3.44,10.65,78.53,3.04
Martapura,40,ID,1551826800,100,-3.41,114.85,75.2,2.24
Saint-Francois,0,FR,1551826800,80,46.42,3.91,39.2,3.36
Mezhdurechensk,44,RU,1551829350,76,53.69,88.07,10.26,2.15
Sayyan,0,YE,1551829350,87,15.17,44.32,42.26,3.15
Cochirleanca,76,RO,1551829351,55,45.21,27.04,43.83,5.95
Carrollton,1,US,1551829340,29,33.58,-85.08,41.0,10.29
Macapa,75,BR,1551826800,100,0.05,-51.07,75.2,5.82
Tevriz,20,RU,1551829353,83,57.51,72.4,9.5,3.27
Sagaing,0,MM,1551829356,87,21.88,95.98,65.03,2.93
Ibimirim,36,BR,1551829357,84,-8.54,-37.69,72.05,5.17
Coihaique,90,CL,1551826800,66,-45.58,-72.07,55.4,8.05
Uherske Hradiste,48,CZ,1551829328,80,49.07,17.46,41.0,2.24
Biak,12,ID,1551829361,89,-0.91,122.88,81.95,2.37
Soyo,76,AO,1551829298,98,-6.13,12.37,72.95,4.61
Evensk,56,RU,1551829288,100,61.92,159.24,8.28,6.96
Souillac,0,FR,1551829329,58,45.6,-0.6,55.0,13.87
Comodoro Rivadavia,0,AR,1551826800,32,-45.87,-67.48,69.8,16.11
Kathu,0,ZA,1551828683,38,-27.7,23.05,66.99,2.93
Bealanana,92,MG,1551829365,97,-14.54,48.75,65.97,2.37
Sirari,36,KE,1551829368,100,-1.25,34.48,63.36,5.17
Irituia,92,BR,1551829369,97,-1.77,-47.44,74.7,3.94
San Mateo del Mar,0,MX,1551829372,96,16.21,-94.98,77.4,39.73
Tondano,40,ID,1551828600,83,1.3,124.91,82.4,2.24
Horta,8,ES,1551829357,93,41.43,2.16,55.0,4.7
Isangel,75,VU,1551826800,70,-19.55,169.27,87.8,8.05
Quatre Cocos,20,MU,1551826800,74,-20.21,57.76,80.6,3.36
Nelson Bay,0,AU,1551829232,45,-32.72,152.14,91.0,5.82
Lyantonde,64,UG,1551829375,97,-0.41,31.15,61.25,2.93
Kudahuvadhoo,8,MV,1551829376,100,2.67,72.89,82.76,8.63
Inirida,32,CO,1551829376,76,3.87,-67.92,80.78,3.38
Marrakesh,0,MA,1551826800,76,31.63,-7.99,57.2,5.82
Fortuna,75,ES,1551829355,93,38.18,-1.13,57.2,4.7
Mindelo,90,PT,1551829291,100,41.31,-8.72,57.99,21.92
Arica,0,CL,1551826800,64,-18.48,-70.32,73.4,3.36
Salalah,0,OM,1551826200,60,17.01,54.1,75.2,1.12
Piacabucu,92,BR,1551829349,87,-10.41,-36.43,77.22,5.95
Sanghar,0,PK,1551829391,84,28.18,68.31,55.08,2.37
Thunder Bay,75,CA,1551829294,42,48.41,-89.26,6.8,12.75
Chernyshevskiy,36,RU,1551829184,76,63.01,112.47,17.15,9.19
Athabasca,24,CA,1551829393,79,54.72,-113.29,14.22,7.4
Mount Isa,0,AU,1551826800,40,-20.73,139.49,86.0,6.93
Barabai,88,ID,1551829397,99,-2.59,115.38,72.81,1.81
Central Point,90,US,1551829262,70,42.38,-122.91,44.01,1.36
Upernavik,24,GL,1551829296,100,72.79,-56.15,10.58,9.98
Alekseyevka,75,RU,1551826800,94,53.25,50.49,33.8,20.13
Cidreira,76,BR,1551829403,83,-30.17,-50.22,75.96,3.71
Caibarien,75,CU,1551826200,78,22.52,-79.47,75.2,11.41
Krasnotorka,64,UA,1551829316,87,48.68,37.52,41.0,8.52
Byron Bay,40,AU,1551829289,74,-28.65,153.62,84.99,10.29
Keti Bandar,0,PK,1551829405,96,24.14,67.45,71.82,12.33
Parana,40,BR,1551826800,79,-7.52,-72.89,84.2,0.47
Alice Springs,0,AU,1551826800,28,-23.7,133.88,82.4,13.87
Axim,44,GH,1551829410,100,4.87,-2.24,81.9,8.97
Rochelle,90,US,1551829356,56,41.92,-89.07,18.0,19.46
Santa Fe,80,AR,1551829408,79,-31.62,-60.7,75.0,7.63
Novopavlovsk,32,RU,1551826800,51,43.96,43.63,37.4,4.47
Paidha,48,UG,1551829420,71,2.42,30.99,69.98,2.93
Kavaratti,92,IN,1551829287,100,10.57,72.64,80.28,10.31
Shagonar,8,RU,1551829421,67,51.54,92.92,7.61,1.59
Araouane,8,ML,1551829421,24,18.9,-3.53,56.75,5.5
Macas,64,EC,1551829425,94,-2.3,-78.12,67.23,2.59
Ahualulco,5,MX,1551825600,48,22.4,-101.17,64.4,19.46
Baracoa,0,CU,1551829426,100,20.35,-74.5,76.68,6.17
Karasburg,56,NA,1551829426,43,-28.01,18.75,66.96,2.71
Leh,64,IN,1551829427,73,34.16,77.58,-7.74,1.81
Russell,75,AR,1551826800,60,-33.01,-68.8,69.8,2.24
Shelburne,75,CA,1551829321,66,44.08,-80.2,14.0,8.05
Garissa,0,KE,1551829428,61,-0.46,39.64,80.01,7.29
Celestun,48,MX,1551829429,100,20.87,-90.4,77.13,27.87
Pecanha,44,BR,1551829429,84,-18.55,-42.56,71.82,3.94
Igarka,56,RU,1551829429,85,67.47,86.57,8.51,14.23
San Roque,75,EC,1551826800,82,0.3,-78.23,62.6,8.05
Pochutla,5,MX,1551828697,58,15.74,-96.47,87.8,11.41
Namibe,36,AO,1551829290,100,-15.19,12.15,78.26,0.69
Sawtell,24,AU,1551829401,58,-30.38,153.1,82.4,14.99
Palaia Fokaia,0,GR,1551829427,81,37.72,23.95,57.99,2.24
Gualeguaychu,8,AR,1551829369,87,-33.01,-58.51,75.99,4.72
Havoysund,75,NO,1551828000,85,71.0,24.66,24.8,20.8
Vila Velha,40,BR,1551829096,83,-3.71,-38.6,81.0,6.93
Beloha,48,MG,1551829450,88,-25.17,45.06,75.65,12.33
Luganville,64,VU,1551829454,97,-15.51,167.18,83.25,3.6
Kone,20,MM,1551829455,64,21.12,96.11,72.23,9.53
Chumikan,0,RU,1551829455,52,54.72,135.31,15.57,6.4
Severo-Kurilsk,36,RU,1551829358,100,50.68,156.12,23.67,15.01
Shimoda,75,JP,1551829339,81,34.7,138.93,53.6,10.29
Vila,0,IT,1551829447,49,45.18,8.4,50.0,6.93
Gallup,1,US,1551826380,16,35.53,-108.74,62.6,16.11
Tautira,40,PF,1551829390,66,-17.73,-149.15,87.8,8.05
Tahoua,0,NE,1551829458,45,14.89,5.26,66.96,5.06
Shepsi,100,RU,1551829461,90,44.04,39.15,50.04,13.44
Yiyang,64,CN,1551829462,99,28.59,112.35,48.51,4.05
Galesong,20,ID,1551826800,100,-5.32,119.37,75.2,3.36
Lundazi,32,ZM,1551829463,95,-12.29,33.17,64.58,3.04
Elko,90,US,1551828811,70,40.83,-115.76,42.8,3.36
Sarkand,0,KZ,1551829464,63,45.41,79.91,17.6,2.71
Talakan,0,RU,1551829465,72,50.29,130.28,10.13,3.94
Praia da Vitoria,40,PT,1551828645,62,38.73,-27.07,55.4,20.49
Pearl Lagoon,40,NI,1551826800,69,12.34,-83.67,82.4,6.93
Saint-Pierre,0,FR,1551829139,93,48.95,4.24,46.4,11.41
Eyl,80,SO,1551829468,100,7.98,49.82,75.78,12.33
Alpena,90,US,1551829443,43,45.06,-83.43,15.8,6.93
Parola,0,IN,1551829469,59,20.88,75.11,55.8,4.72
Tornio,0,FI,1551829287,65,61.12,27.27,10.4,6.93
Nioro,0,GM,1551829473,25,13.79,-15.05,72.0,9.42
Davila,20,PH,1551826800,88,18.47,120.58,73.4,1.12
Brigham City,40,US,1551829230,48,41.51,-112.02,50.0,5.82
Iisalmi,0,FI,1551828000,84,63.56,27.19,3.2,9.17
Morant Bay,40,JM,1551826800,54,17.88,-76.41,82.4,9.17
Tourlaville,0,FR,1551829383,76,49.64,-1.57,51.01,19.46
Bayan,0,MN,1551829481,62,47.25,107.54,3.2,3.6
Vanavara,20,RU,1551829482,68,60.35,102.28,25.02,11.32
Guapiacu,0,BR,1551826800,69,-20.8,-49.22,78.8,3.36
Farmington,1,US,1551829356,34,36.73,-108.21,55.0,4.7
Santo Domingo,75,DO,1551828804,83,18.48,-69.94,81.0,11.41
Morden,36,CA,1551829092,61,49.19,-98.1,17.01,6.93
Mattawa,75,CA,1551829216,84,46.32,-78.7,6.8,14.99
Kisaran,76,ID,1551829488,88,2.98,99.62,78.71,2.93
Eyrarbakki,0,IS,1551829156,79,63.86,-21.15,26.6,3.36
Borogontsy,56,RU,1551829489,75,62.67,131.17,-3.78,3.6
Ishigaki,75,JP,1551826800,88,24.34,124.16,68.0,16.11
Waipawa,0,NZ,1551829156,43,-39.94,176.59,80.01,8.01
Dudinka,68,RU,1551829326,83,69.41,86.18,8.96,16.8
Port Lavaca,1,US,1551829354,42,28.61,-96.63,48.2,14.99
Beawar,0,IN,1551829492,67,26.1,74.31,48.2,5.17
Dighwara,0,IN,1551826800,82,25.74,85.0,62.6,7.85
Pastos Bons,64,BR,1551829496,95,-6.6,-44.09,73.08,2.37
Itarema,12,BR,1551829287,95,-2.92,-39.92,76.73,4.72
Tessalit,8,ML,1551829415,25,20.2,1.01,54.0,4.61
Balabac,0,PH,1551829497,98,7.99,117.06,81.18,13.78
Shirokiy,88,RU,1551829443,100,53.87,39.17,35.01,4.0
Zhangjiakou,0,CN,1551829498,68,40.77,114.88,19.26,7.52
Udayagiri,12,IN,1551829498,86,12.32,76.68,66.65,1.36
Bambari,76,CF,1551829499,74,5.77,20.68,76.95,2.48
Brigantine,1,US,1551829472,43,39.41,-74.36,34.0,6.93
Puerto Madryn,24,AR,1551829500,56,-42.77,-65.04,69.03,6.85
Gizo,40,IL,1551829260,87,31.8,34.94,51.01,1.12
Huinan,36,CN,1551829501,94,42.68,126.04,27.95,10.98
Nysa,12,PL,1551829405,69,50.47,17.33,41.0,1.99
Diamantina,36,BR,1551829506,84,-18.24,-43.6,67.91,2.26
Odienne,0,CI,1551829509,30,9.51,-7.57,74.79,8.41
Umm Lajj,0,SA,1551829510,100,25.02,37.27,58.46,11.32
Gravdal,92,NO,1551829506,86,59.79,5.78,39.99,16.11
Muroto,75,JP,1551826800,71,33.37,134.14,51.8,6.93
Jacmel,75,HT,1551828916,65,18.24,-72.54,82.4,6.93
Turayf,0,SA,1551826800,81,31.68,38.65,46.4,13.87
Ust-Ishim,0,RU,1551829515,72,57.69,71.17,3.69,2.71
Baghdad,0,IQ,1551826800,58,33.3,44.38,55.4,4.7
Elmadag,0,TR,1551829328,64,39.92,33.23,44.01,3.36
Alyangula,32,AU,1551826800,79,-13.85,136.42,84.2,4.7
Pombia,0,IT,1551829517,74,45.65,8.63,50.0,2.24
Zdvinsk,88,RU,1551829519,91,54.7,78.67,21.24,8.75
Joshimath,0,IN,1551829521,100,30.57,79.57,-6.48,0.81
Honolulu,75,US,1551829499,47,21.3,-157.86,78.8,17.22
Guangyuan,92,CN,1551829465,77,32.43,105.86,51.01,2.15
Tura,100,IN,1551829319,95,25.52,90.21,59.58,3.83
Kruisfontein,0,ZA,1551829461,76,-34.0,24.73,66.24,12.21
Sao Domingos do Maranhao,32,BR,1551829523,93,-5.58,-44.39,74.61,2.59
Mahibadhoo,92,MV,1551829524,98,3.78,72.97,83.66,9.19
Fort Oglethorpe,1,US,1551829522,31,34.95,-85.24,39.2,5.82
Kirakira,32,SB,1551829277,100,-10.46,161.92,83.21,9.42
Kagal,0,IN,1551829525,86,16.58,74.32,54.05,4.5
Greytown,12,ZA,1551829529,95,-29.06,30.59,60.26,2.15
Broome,92,GB,1551829446,93,52.47,1.45,48.2,10.29
Matagami,32,NG,1551829530,89,9.67,8.4,64.76,2.04
Aktanysh,92,RU,1551829530,93,55.72,54.06,32.63,19.82
Netivot,36,IL,1551828989,25,31.42,34.59,46.0,2.93
Acapulco,5,MX,1551826140,74,16.86,-99.88,82.4,10.29
Lac du Bonnet,68,CA,1551829469,68,50.25,-96.06,12.0,5.99
Strezhevoy,0,RU,1551826800,84,60.73,77.6,1.4,6.71
Sao Felix do Xingu,92,BR,1551829554,100,-6.64,-51.99,70.29,1.14
Bambanglipuro,64,ID,1551829354,99,-7.95,110.28,73.31,3.71
Mackenzie,1,CA,1551826800,33,55.34,-123.09,28.4,10.29
Yangambi,0,CD,1551829558,94,0.77,24.47,71.6,2.15
Chalakudi,40,IN,1551826800,88,10.3,76.34,78.8,5.17
Touros,40,BR,1551826800,88,-5.2,-35.46,78.8,3.36
Vostok,0,RU,1551829354,71,46.45,135.83,23.22,3.15
Dunda,0,IN,1551829560,78,30.62,78.32,30.11,2.71
Songjianghe,88,CN,1551829561,96,42.18,127.48,30.2,3.49
Ixtapa,5,MX,1551829203,78,20.71,-105.21,78.01,10.29
Aden,76,YE,1551829373,100,12.79,45.03,78.3,4.61
Bereda,75,ES,1551829558,87,43.27,-7.54,57.0,16.11
Montepuez,88,MZ,1551829563,93,-13.13,39.0,73.58,8.97
Kananga,0,CD,1551829563,90,-5.9,22.41,72.09,3.04
Saint-Joseph,0,FR,1551829525,65,43.56,6.97,51.01,3.36
Camacari,20,BR,1551826800,79,-12.7,-38.32,84.2,8.05
Nuuk,75,GL,1551829368,62,64.17,-51.74,24.8,18.34
Pahrump,75,US,1551829503,34,36.21,-115.98,71.01,12.75
